"Adaugare_produs","2023-05-20 13:37:18.835"
"Adaugare_produs","2023-05-20 13:37:18.847"
"Adaugare_produs","2023-05-20 13:37:18.848"
"Adaugare_adresa","2023-05-20 13:37:18.849"
"Adaugare_adresa","2023-05-20 13:37:18.85"
"Adaugare_adresa","2023-05-20 13:37:18.851"
"Adaugar_utilizator","2023-05-20 13:37:18.853"
"Adaugar_utilizator","2023-05-20 13:37:18.853"
"Adaugar_utilizator","2023-05-20 13:37:18.854"
"Adaugare_comanda","2023-05-20 13:37:18.876"
"Adaugare_comanda","2023-05-20 13:37:18.877"
"Adaugare_recenzie","2023-05-20 13:37:18.879"
"Adaugare_recenzie","2023-05-20 13:37:18.88"
"Adaugare_recenzie","2023-05-20 13:37:18.881"
"Stergere_utilizator","2023-05-20 13:37:18.896"
"Stergere_produs","2023-05-20 13:37:18.914"
"Cautare_produs","2023-05-20 13:37:18.915"
